Updated on Sun Feb  9 14:20:10 UTC 2025
Updated on Mon Feb 10 01:51:33 UTC 2025
Updated on Tue Feb 11 01:50:08 UTC 2025
Updated on Wed Feb 12 01:50:13 UTC 2025
Updated on Thu Feb 13 01:50:50 UTC 2025
Updated on Fri Feb 14 01:50:09 UTC 2025
Updated on Sat Feb 15 01:48:56 UTC 2025
Updated on Sun Feb 16 01:57:34 UTC 2025
Updated on Mon Feb 17 01:53:58 UTC 2025
Updated on Tue Feb 18 01:50:08 UTC 2025
Updated on Wed Feb 19 01:51:26 UTC 2025
Updated on Thu Feb 20 01:51:46 UTC 2025
Updated on Fri Feb 21 01:51:57 UTC 2025
Updated on Sat Feb 22 01:47:57 UTC 2025
Updated on Sun Feb 23 01:57:43 UTC 2025
Updated on Mon Feb 24 01:54:26 UTC 2025
Updated on Tue Feb 25 01:53:47 UTC 2025
Updated on Wed Feb 26 01:53:12 UTC 2025
Updated on Thu Feb 27 01:53:54 UTC 2025
Updated on Fri Feb 28 01:53:56 UTC 2025
Updated on Sat Mar  1 02:00:13 UTC 2025
Updated on Sun Mar  2 01:59:16 UTC 2025
Updated on Mon Mar  3 01:56:52 UTC 2025
Updated on Tue Mar  4 01:55:30 UTC 2025
Updated on Wed Mar  5 01:55:35 UTC 2025
Updated on Thu Mar  6 01:55:39 UTC 2025
Updated on Fri Mar  7 01:56:16 UTC 2025
Updated on Sat Mar  8 01:32:37 UTC 2025
Updated on Sun Mar  9 01:39:17 UTC 2025
Updated on Mon Mar 10 01:37:30 UTC 2025
Updated on Tue Mar 11 01:56:30 UTC 2025
Updated on Wed Mar 12 01:55:21 UTC 2025
Updated on Thu Mar 13 01:57:13 UTC 2025
Updated on Fri Mar 14 01:55:28 UTC 2025
Updated on Sat Mar 15 01:54:11 UTC 2025
Updated on Sun Mar 16 02:03:12 UTC 2025
Updated on Mon Mar 17 01:59:56 UTC 2025
Updated on Tue Mar 18 01:57:32 UTC 2025
Updated on Wed Mar 19 01:57:35 UTC 2025
Updated on Thu Mar 20 01:56:54 UTC 2025
Updated on Fri Mar 21 01:58:41 UTC 2025
Updated on Sat Mar 22 01:55:16 UTC 2025
Updated on Sun Mar 23 02:04:19 UTC 2025
Updated on Mon Mar 24 02:01:45 UTC 2025
Updated on Tue Mar 25 01:59:17 UTC 2025
Updated on Wed Mar 26 01:58:34 UTC 2025
Updated on Thu Mar 27 01:58:23 UTC 2025
Updated on Fri Mar 28 01:58:45 UTC 2025
Updated on Sat Mar 29 01:57:28 UTC 2025
Updated on Sun Mar 30 02:06:50 UTC 2025
Updated on Mon Mar 31 02:05:00 UTC 2025
Updated on Tue Apr  1 02:16:44 UTC 2025
Updated on Wed Apr  2 02:00:55 UTC 2025
Updated on Thu Apr  3 01:59:28 UTC 2025
Updated on Fri Apr  4 01:59:14 UTC 2025
Updated on Sat Apr  5 01:57:24 UTC 2025
Updated on Sun Apr  6 02:05:36 UTC 2025
Updated on Mon Apr  7 02:02:56 UTC 2025
Updated on Tue Apr  8 02:00:24 UTC 2025
Updated on Wed Apr  9 02:00:08 UTC 2025
Updated on Thu Apr 10 02:00:18 UTC 2025
Updated on Fri Apr 11 02:00:58 UTC 2025
Updated on Sat Apr 12 01:57:59 UTC 2025
Updated on Sun Apr 13 03:26:48 UTC 2025
Updated on Mon Apr 14 02:05:12 UTC 2025
Updated on Tue Apr 15 02:03:46 UTC 2025
Updated on Wed Apr 16 02:03:16 UTC 2025
Updated on Thu Apr 17 02:01:53 UTC 2025
Updated on Fri Apr 18 01:58:48 UTC 2025
Updated on Sat Apr 19 01:56:42 UTC 2025
Updated on Sun Apr 20 02:08:37 UTC 2025
Updated on Mon Apr 21 02:07:18 UTC 2025
Updated on Tue Apr 22 02:02:34 UTC 2025
Updated on Wed Apr 23 02:03:09 UTC 2025
Updated on Thu Apr 24 02:03:36 UTC 2025
Updated on Fri Apr 25 02:04:01 UTC 2025
Updated on Sat Apr 26 01:59:18 UTC 2025
Updated on Sun Apr 27 02:09:10 UTC 2025
Updated on Mon Apr 28 02:07:09 UTC 2025
Updated on Tue Apr 29 02:04:28 UTC 2025
Updated on Wed Apr 30 02:04:11 UTC 2025
Updated on Thu May  1 02:19:01 UTC 2025
Updated on Fri May  2 02:05:05 UTC 2025
Updated on Sat May  3 02:02:07 UTC 2025
Updated on Sun May  4 02:20:10 UTC 2025
Updated on Mon May  5 02:09:23 UTC 2025
Updated on Tue May  6 02:06:05 UTC 2025
Updated on Wed May  7 02:06:37 UTC 2025
Updated on Thu May  8 02:07:46 UTC 2025
Updated on Fri May  9 02:06:25 UTC 2025
Updated on Sat May 10 02:01:37 UTC 2025
Updated on Sun May 11 02:17:59 UTC 2025
Updated on Mon May 12 02:15:43 UTC 2025
Updated on Tue May 13 02:08:14 UTC 2025
Updated on Wed May 14 02:06:49 UTC 2025
Updated on Thu May 15 02:05:18 UTC 2025
Updated on Fri May 16 02:08:13 UTC 2025
Updated on Sat May 17 02:04:41 UTC 2025
Updated on Sun May 18 02:19:33 UTC 2025
Updated on Mon May 19 02:18:25 UTC 2025
Updated on Tue May 20 02:08:44 UTC 2025
Updated on Wed May 21 02:08:18 UTC 2025
Updated on Thu May 22 02:08:04 UTC 2025
Updated on Fri May 23 02:07:37 UTC 2025
Updated on Sat May 24 02:03:04 UTC 2025
Updated on Sun May 25 02:22:30 UTC 2025
Updated on Mon May 26 02:17:05 UTC 2025
Updated on Tue May 27 02:07:19 UTC 2025
Updated on Wed May 28 02:09:04 UTC 2025
Updated on Thu May 29 02:08:48 UTC 2025
Updated on Fri May 30 02:06:47 UTC 2025
Updated on Sat May 31 02:06:00 UTC 2025
Updated on Sun Jun  1 02:34:09 UTC 2025
Updated on Mon Jun  2 02:19:53 UTC 2025
Updated on Tue Jun  3 02:16:19 UTC 2025
Updated on Wed Jun  4 02:16:25 UTC 2025
Updated on Thu Jun  5 02:09:42 UTC 2025
Updated on Fri Jun  6 02:08:59 UTC 2025
Updated on Sat Jun  7 02:08:14 UTC 2025
Updated on Sun Jun  8 02:25:27 UTC 2025
Updated on Mon Jun  9 02:22:08 UTC 2025
Updated on Tue Jun 10 02:18:08 UTC 2025
Updated on Wed Jun 11 02:17:05 UTC 2025
Updated on Thu Jun 12 02:15:41 UTC 2025
Updated on Fri Jun 13 02:17:17 UTC 2025
Updated on Sat Jun 14 02:07:02 UTC 2025
Updated on Sun Jun 15 02:26:58 UTC 2025
Updated on Mon Jun 16 02:21:06 UTC 2025
Updated on Tue Jun 17 02:17:58 UTC 2025
Updated on Wed Jun 18 02:16:40 UTC 2025
Updated on Thu Jun 19 02:17:41 UTC 2025
Updated on Fri Jun 20 02:16:39 UTC 2025
Updated on Sat Jun 21 02:08:36 UTC 2025
Updated on Sun Jun 22 02:26:55 UTC 2025
Updated on Mon Jun 23 02:25:15 UTC 2025
Updated on Tue Jun 24 02:18:30 UTC 2025
Updated on Wed Jun 25 02:19:12 UTC 2025
Updated on Thu Jun 26 02:18:16 UTC 2025
Updated on Fri Jun 27 02:18:39 UTC 2025
Updated on Sat Jun 28 02:08:28 UTC 2025
Updated on Sun Jun 29 02:29:34 UTC 2025
Updated on Mon Jun 30 02:24:09 UTC 2025
Updated on Tue Jul  1 02:30:37 UTC 2025
Updated on Wed Jul  2 02:18:25 UTC 2025
Updated on Thu Jul  3 02:19:08 UTC 2025
Updated on Fri Jul  4 02:18:01 UTC 2025
Updated on Sat Jul  5 02:08:18 UTC 2025
Updated on Sun Jul  6 02:28:06 UTC 2025
Updated on Mon Jul  7 02:24:42 UTC 2025
Updated on Tue Jul  8 02:19:33 UTC 2025
Updated on Wed Jul  9 02:20:55 UTC 2025
Updated on Thu Jul 10 02:21:15 UTC 2025
Updated on Fri Jul 11 02:24:01 UTC 2025
Updated on Sat Jul 12 02:24:10 UTC 2025
Updated on Sun Jul 13 02:32:57 UTC 2025
Updated on Mon Jul 14 02:28:35 UTC 2025
Updated on Tue Jul 15 02:27:45 UTC 2025
Updated on Wed Jul 16 02:24:43 UTC 2025
Updated on Thu Jul 17 02:25:12 UTC 2025
Updated on Fri Jul 18 02:26:45 UTC 2025
Updated on Sat Jul 19 02:20:40 UTC 2025
Updated on Sun Jul 20 02:35:49 UTC 2025
Updated on Mon Jul 21 02:32:25 UTC 2025
Updated on Tue Jul 22 02:26:05 UTC 2025
Updated on Wed Jul 23 02:27:22 UTC 2025
Updated on Thu Jul 24 02:26:32 UTC 2025
Updated on Fri Jul 25 02:26:15 UTC 2025
Updated on Sat Jul 26 02:22:13 UTC 2025
Updated on Sun Jul 27 02:37:12 UTC 2025
Updated on Mon Jul 28 02:33:03 UTC 2025
Updated on Tue Jul 29 02:38:26 UTC 2025
Updated on Wed Jul 30 02:29:34 UTC 2025
Updated on Thu Jul 31 02:28:46 UTC 2025
Updated on Fri Aug  1 02:40:57 UTC 2025
Updated on Sat Aug  2 02:22:51 UTC 2025
Updated on Sun Aug  3 02:39:31 UTC 2025
Updated on Mon Aug  4 02:39:03 UTC 2025
Updated on Tue Aug  5 02:32:16 UTC 2025
Updated on Wed Aug  6 02:30:16 UTC 2025
Updated on Thu Aug  7 02:30:31 UTC 2025
Updated on Fri Aug  8 02:30:18 UTC 2025
Updated on Sat Aug  9 02:18:20 UTC 2025
Updated on Sun Aug 10 02:34:39 UTC 2025
Updated on Mon Aug 11 02:30:09 UTC 2025
Updated on Tue Aug 12 02:17:19 UTC 2025
Updated on Wed Aug 13 02:19:13 UTC 2025
Updated on Thu Aug 14 02:20:05 UTC 2025
Updated on Fri Aug 15 02:20:47 UTC 2025
Updated on Sat Aug 16 02:08:33 UTC 2025
Updated on Sun Aug 17 02:26:06 UTC 2025
Updated on Mon Aug 18 02:27:05 UTC 2025
Updated on Tue Aug 19 02:07:08 UTC 2025
Updated on Wed Aug 20 02:05:05 UTC 2025
Updated on Thu Aug 21 02:03:51 UTC 2025
Updated on Fri Aug 22 02:04:41 UTC 2025
Updated on Sat Aug 23 02:00:10 UTC 2025
Updated on Sun Aug 24 02:21:13 UTC 2025
Updated on Mon Aug 25 02:09:37 UTC 2025
Updated on Tue Aug 26 02:05:39 UTC 2025
Updated on Wed Aug 27 02:01:40 UTC 2025
Updated on Thu Aug 28 02:00:43 UTC 2025
Updated on Fri Aug 29 02:00:52 UTC 2025
Updated on Sat Aug 30 01:54:52 UTC 2025
Updated on Sun Aug 31 02:06:47 UTC 2025
Updated on Mon Sep  1 02:23:30 UTC 2025
Updated on Tue Sep  2 02:02:53 UTC 2025
Updated on Wed Sep  3 01:54:38 UTC 2025
Updated on Thu Sep  4 01:55:11 UTC 2025
Updated on Fri Sep  5 01:57:52 UTC 2025
Updated on Sat Sep  6 01:54:41 UTC 2025
Updated on Sun Sep  7 02:04:05 UTC 2025
Updated on Mon Sep  8 02:03:55 UTC 2025
Updated on Tue Sep  9 01:59:39 UTC 2025
Updated on Wed Sep 10 01:55:27 UTC 2025
Updated on Thu Sep 11 01:59:00 UTC 2025
Updated on Fri Sep 12 01:54:13 UTC 2025
Updated on Sat Sep 13 01:49:58 UTC 2025
Updated on Sun Sep 14 02:03:27 UTC 2025
Updated on Mon Sep 15 02:04:58 UTC 2025
Updated on Tue Sep 16 01:55:44 UTC 2025
Updated on Wed Sep 17 01:55:30 UTC 2025
Updated on Thu Sep 18 01:55:47 UTC 2025
Updated on Fri Sep 19 01:59:17 UTC 2025
Updated on Sat Sep 20 01:53:46 UTC 2025
Updated on Sun Sep 21 02:06:55 UTC 2025
Updated on Mon Sep 22 02:06:51 UTC 2025
Updated on Tue Sep 23 01:56:10 UTC 2025
Updated on Wed Sep 24 01:57:42 UTC 2025
Updated on Thu Sep 25 01:59:04 UTC 2025
Updated on Fri Sep 26 01:58:05 UTC 2025
Updated on Sat Sep 27 01:53:05 UTC 2025
Updated on Sun Sep 28 02:07:43 UTC 2025
Updated on Mon Sep 29 02:01:25 UTC 2025
Updated on Tue Sep 30 01:56:01 UTC 2025
Updated on Wed Oct  1 02:08:47 UTC 2025
Updated on Thu Oct  2 01:56:16 UTC 2025
Updated on Fri Oct  3 01:55:55 UTC 2025
Updated on Sat Oct  4 01:51:38 UTC 2025
Updated on Sun Oct  5 02:07:02 UTC 2025
Updated on Mon Oct  6 01:59:40 UTC 2025
Updated on Tue Oct  7 01:57:13 UTC 2025
Updated on Wed Oct  8 01:56:41 UTC 2025
Updated on Thu Oct  9 01:58:02 UTC 2025
Updated on Fri Oct 10 01:58:26 UTC 2025
Updated on Sat Oct 11 01:53:30 UTC 2025
Updated on Sun Oct 12 02:02:29 UTC 2025
Updated on Mon Oct 13 02:06:04 UTC 2025
Updated on Tue Oct 14 01:58:53 UTC 2025
Updated on Wed Oct 15 02:01:36 UTC 2025
Updated on Thu Oct 16 02:00:34 UTC 2025
Updated on Sat Oct 18 01:54:10 UTC 2025
Updated on Sun Oct 19 02:18:12 UTC 2025
Updated on Mon Oct 20 02:09:15 UTC 2025
Updated on Tue Oct 21 02:02:47 UTC 2025
Updated on Wed Oct 22 02:05:54 UTC 2025
Updated on Thu Oct 23 02:01:25 UTC 2025
Updated on Fri Oct 24 01:57:20 UTC 2025
Updated on Sat Oct 25 01:59:16 UTC 2025
Updated on Sun Oct 26 02:08:22 UTC 2025
Updated on Mon Oct 27 02:18:33 UTC 2025
Updated on Tue Oct 28 02:02:02 UTC 2025
Updated on Wed Oct 29 02:09:14 UTC 2025
Updated on Thu Oct 30 02:07:50 UTC 2025
Updated on Fri Oct 31 02:05:13 UTC 2025
Updated on Sat Nov  1 02:08:25 UTC 2025
Updated on Sun Nov  2 02:17:12 UTC 2025
Updated on Mon Nov  3 02:15:57 UTC 2025
Updated on Tue Nov  4 02:05:25 UTC 2025
Updated on Wed Nov  5 02:07:30 UTC 2025
Updated on Thu Nov  6 02:07:30 UTC 2025
